[
  {
    "id": "01cb297a-14a7-4273-8f1c-b3f8fc191e9c",
    "data": [
      {
        "text": "My lucky number is ",
        "userDefined": false
      },
      {
        "text": "23",
        "alias": "number",
        "meta": "@sys.number",
        "userDefined": false
      }
    ],
    "isTemplate": false,
    "count": 0,
    "updated": 0
  },
  {
    "id": "15d410cc-c649-4856-972c-7ab411ae685a",
    "data": [
      {
        "text": "23",
        "alias": "number",
        "meta": "@sys.number",
        "userDefined": false
      }
    ],
    "isTemplate": false,
    "count": 0,
    "updated": 0
  }
]